{
  "parts": ["seg_1.stl",
            "seg_2_1.stl",
            "seg_2_2.stl",
            "seg_2_3.stl",
            "seg_2_4.stl",
            "seg_2_5.stl",
            "seg_3.stl",
            "seg_4_1.stl",
            "seg_4_2.stl",
            "seg_4_3.stl",
            "seg_5.stl",
            "seg_6.stl"],
  "parts_per_joint": [1, 5, 1, 3, 1, 1],
  "dh": [[  0.0,          0.0, 290.0, -1.570796327],
         [270.0, -1.570796327,   0.0,          0.0],
         [ 70.0,          0.0,   0.0, -1.570796327],
         [  0.0,          0.0, 302.0,  1.570796327],
         [  0.0,          0.0,   0.0, -1.570796327],
         [  0.0,  3.141592654,  72.0,          0.0]]
}
